 {
    "contract": [
      {
        "ID": "55759c1b9c",
        "NUMEROPRATICA": "1",
        "SERVIZIO": "Abcd",
        "OPERATORE": "Efgh",
        "CF_PIVA": "00123456",
        "STATO_CONTRATTO": "APERTO",
        "DATA_INIZIO_CONVENZIONE": "09/09/2017"
      },
      {
        "ID": "e19bb2e33c",
        "NUMEROPRATICA": "2",
        "SERVIZIO": "Abcd",
        "OPERATORE": "Efgh",
        "CF_PIVA": "00123456",
        "STATO_CONTRATTO": "APERTO",
        "DATA_INIZIO_CONVENZIONE": "19/03/2017"
      },
      {
        "ID": "ba6aef67a9",
        "NUMEROPRATICA": "3",
        "SERVIZIO": "xyz",
        "OPERATORE": "Efgh",
        "CF_PIVA": "00123456",
        "STATO_CONTRATTO": "CHIUSO",
        "DATA_INIZIO_CONVENZIONE": "29/11/2017"
      },
	  {
        "ID": "55759c1b9c",
        "NUMEROPRATICA": "4",
        "SERVIZIO": "mnop",
        "OPERATORE": "Efgh",
        "CF_PIVA": "00123456",
        "STATO_CONTRATTO": "APERTO",
        "DATA_INIZIO_CONVENZIONE": "09/09/2017"
      },
      {
        "ID": "e19bb2e33c",
        "NUMEROPRATICA": "5",
        "SERVIZIO": "Abcd",
        "OPERATORE": "Efgh",
        "CF_PIVA": "00123456",
        "STATO_CONTRATTO": "APERTO",
        "DATA_INIZIO_CONVENZIONE": "19/03/2017"
      },
      {
        "ID": "ba6aef67a9",
        "NUMEROPRATICA": "6",
        "SERVIZIO": "Abcd",
        "OPERATORE": "Efgh",
        "CF_PIVA": "00123456",
        "STATO_CONTRATTO": "CHIUSO",
        "DATA_INIZIO_CONVENZIONE": "29/11/2017"
      },{
        "ID": "55759c1b9c",
        "NUMEROPRATICA": "7",
        "SERVIZIO": "Abcd",
        "OPERATORE": "Efgh",
        "CF_PIVA": "00123456",
        "STATO_CONTRATTO": "APERTO",
        "DATA_INIZIO_CONVENZIONE": "09/09/2017"
      },
      {
        "ID": "e19bb2e33c",
        "NUMEROPRATICA": "8",
        "SERVIZIO": "Abcd",
        "OPERATORE": "Efgh",
        "CF_PIVA": "00123456",
        "STATO_CONTRATTO": "APERTO",
        "DATA_INIZIO_CONVENZIONE": "19/03/2017"
      },
      {
        "ID": "ba6aef67a9",
        "NUMEROPRATICA": "9",
        "SERVIZIO": "Abcd",
        "OPERATORE": "Efgh",
        "CF_PIVA": "00123456",
        "STATO_CONTRATTO": "CHIUSO",
        "DATA_INIZIO_CONVENZIONE": "29/11/2017"
      },
	  {
        "ID": "55759c1b9c",
        "NUMEROPRATICA": "10",
        "SERVIZIO": "Abcd",
        "OPERATORE": "Efgh",
        "CF_PIVA": "00123456",
        "STATO_CONTRATTO": "APERTO",
        "DATA_INIZIO_CONVENZIONE": "09/09/2017"
      },
      {
        "ID": "e19bb2e33c",
        "NUMEROPRATICA": "11",
        "SERVIZIO": "Abcd",
        "OPERATORE": "Efgh",
        "CF_PIVA": "00123456",
        "STATO_CONTRATTO": "APERTO",
        "DATA_INIZIO_CONVENZIONE": "19/03/2017"
      },
      {
        "ID": "ba6aef67a9",
        "NUMEROPRATICA": "12",
        "SERVIZIO": "Abcd",
        "OPERATORE": "Efgh",
        "CF_PIVA": "00123456",
        "STATO_CONTRATTO": "CHIUSO",
        "DATA_INIZIO_CONVENZIONE": "29/11/2017"
      },
	  {
        "ID": "55759c1b9c",
        "NUMEROPRATICA": "13",
        "SERVIZIO": "Abcd",
        "OPERATORE": "test",
        "CF_PIVA": "00123456",
        "STATO_CONTRATTO": "APERTO",
        "DATA_INIZIO_CONVENZIONE": "09/09/2017"
      }
    ]
}
