<beans xmlns="http://www.springframework.org/schema/beans"
       xmlns:context="http://www.springframework.org/schema/context"
       xmlns:mvc="http://www.springframework.org/schema/mvc"
       xmlns:wf="http://www.springframework.org/schema/webflow-config"
	   xmlns:xsi="http://www.w3.org/2001/XMLSchema-instance" 
	   xsi:schemaLocation="
	   http://www.springframework.org/schema/mvc
	   http://www.springframework.org/schema/mvc/spring-mvc.xsd
	   http://www.springframework.org/schema/beans
	   http://www.springframework.org/schema/beans/spring-beans.xsd
	   http://www.springframework.org/schema/context
	   http://www.springframework.org/schema/context/spring-context.xsd
	   http://www.springframework.org/schema/webflow-config
	   http://www.springframework.org/schema/webflow-config/spring-webflow-config.xsd
	   ">

	<!-- DispatcherServlet Context: defines this servlet's request-processing infrastructure -->
	
	<!-- Resolves views selected for rendering by @Controllers to .jsp resources in the /WEB-INF/views directory -->
	<bean id="viewResolver" class="org.springframework.web.servlet.view.InternalResourceViewResolver">
		<property name="prefix" value="/WEB-INF/views/" />
		<property name="suffix" value=".jsp" />
	</bean>
	
	<context:component-scan base-package="com.cg" />
	
		<!-- Enables the Spring MVC @Controller programming model -->
	<mvc:annotation-driven />
	
	<!-- Add flow executor -->
	<wf:flow-executor id="flowExecutor" flow-registry="flowRegistry"/>
	
	<!-- Add flow registry -->
	<wf:flow-registry id="flowRegistry" flow-builder-services="flowBuilderServices">
	<wf:flow-location id="registers" path="/WEB-INF/views/flows/register/signup-flow.xml"/>
	<wf:flow-location id="loginFlow" path="/WEB-INF/views/flows/register/login-flow.xml"/>
	</wf:flow-registry>
	
	
	<!-- Add flow builder -->
	<wf:flow-builder-services id="flowBuilderServices" 
	 view-factory-creator="viewFactoryCreator"
	/>
	
	<!-- spring MVC handler adaptor called FlowHandlerAdapter -->
	<bean class="org.springframework.webflow.mvc.servlet.FlowHandlerAdapter">
	  <property name="flowExecutor" ref="flowExecutor" />
	</bean>
	
		<!-- FlowHandlerMapping helps DispatcherServlet know to send flow requests to FlowHandlerAdapter -->
	<bean class="org.springframework.webflow.mvc.servlet.FlowHandlerMapping">
	  <property name="flowRegistry" ref="flowRegistry" />
	  <property name="order" value="-1" />
	</bean>
	
	<!-- for resolving views for web flow we use view resolver -->
	<bean id="viewFactoryCreator" class="org.springframework.webflow.mvc.builder.MvcViewFactoryCreator">
	  <property name="viewResolvers" ref="viewResolver" />
	</bean>
	
	
</beans>
